{
  "total": 10.488607788085938,
  "recon": 0.11391718834638595,
  "kl": 0.5890368497371674,
  "rhythm": 17.261698455810546
}