{
  "pitch_kl_div": 3.2098633303807826,
  "rhythm_density_content": 0.9817464192708333,
  "rhythm_density_style": 0.9821370442708334,
  "rhythm_density_transfer": 0.99853515625,
  "rhythm_density_dist": 0.018448893229166666,
  "rhythm_entropy_transfer": 0.0030279256182502144
}